id,title,due_on,status,user_id,company_id
1,Banking Orchestrator,2021-11-09,true,1,454
2,Sales Designer,2021-10-28,false,1,276
3,Future Banking Designer,2021-12-02,true,1,6
4,Lead Construction Director,2021-10-10,true,1,320
5,Healthcare Representative,2021-10-21,true,1,488
6,Principal Farming Consultant,2021-11-25,true,1,285
7,Senior Advertising Consultant,2021-10-22,true,1,130
8,Internal Representative,2021-12-03,true,1,113
9,National Construction Liaison,2021-10-29,false,1,72
10,Product Technology Agent,2021-12-03,false,1,453
11,Lead Education Officer,2021-10-26,true,1,148
12,Community-Services Architect,2021-12-04,false,1,478
13,Consulting Engineer,2021-10-10,true,1,75
14,Dynamic Construction Manager,2021-10-18,true,1,340
15,Retail Orchestrator,2021-12-15,true,1,122
16,Corporate Architect,2021-12-02,false,1,439
17,Chief Advertising Orchestrator,2021-10-25,true,1,435
18,Manufacturing Liaison,2021-10-28,true,1,445
19,Direct Technology Orchestrator,2021-10-27,true,1,26
20,Retail Engineer,2021-11-22,false,1,277
21,National Analyst,2021-12-25,false,1,441
22,Hospitality Facilitator,2021-12-09,true,2,161
23,Lead Supervisor,2021-11-24,false,2,363
24,Design Architect,2021-11-17,false,2,261
25,Global Construction Liaison,2021-10-02,true,2,48
26,District Legal Technician,2021-12-02,false,2,258
27,Legacy Liaison,2021-12-27,false,2,307
28,International Technology Specialist,2021-11-13,false,2,289
29,Hospitality Liaison,2021-11-08,false,2,272
30,Principal Technician,2021-11-06,true,2,179
31,Government Orchestrator,2021-10-05,true,2,212
32,Legacy Officer,2021-11-12,false,2,352
33,Global Advertising Designer,2021-12-17,true,3,307
34,Marketing Specialist,2021-10-14,true,3,19
35,International Developer,2021-10-16,true,3,310
36,Lead Technician,2021-10-04,true,3,231
37,Manufacturing Producer,2021-10-07,true,3,72
38,Internal Executive,2021-12-19,false,3,468
39,Hospitality Technician,2021-10-27,true,3,291
40,Internal Mining Consultant,2021-10-22,true,3,100
41,Central Construction Manager,2021-11-15,true,3,173
42,Real-Estate Associate,2021-11-04,false,3,458
43,Retail Engineer,2021-12-15,false,3,268
44,Principal Advertising Director,2021-11-28,true,3,337
45,Community-Services Specialist,2021-09-30,true,3,328
46,Future Legal Facilitator,2021-10-11,true,3,418
47,Administration Liaison,2021-10-02,true,3,391
48,Central Accounting Administrator,2021-11-30,true,3,33
49,Principal Specialist,2021-10-24,true,3,232
50,Investor Marketing Specialist,2021-11-11,false,3,83
51,Manufacturing Planner,2021-10-27,true,3,450
52,International Executive,2021-10-04,true,3,197
53,District Manufacturing Officer,2021-12-19,true,3,277
54,Internal Assistant,2021-11-15,true,3,313
55,National Liaison,2021-10-13,true,3,439
56,Mining Orchestrator,2021-10-27,true,3,476
57,IT Director,2021-12-09,true,3,351
58,Human Marketing Analyst,2021-11-22,true,3,165
59,Farming Agent,2021-09-30,true,3,95
60,Future Marketing Strategist,2021-11-21,false,3,400
61,Hospitality Executive,2021-09-28,true,3,301
62,Community-Services Developer,2021-10-17,true,4,309
63,Regional Marketing Engineer,2021-12-01,false,4,460
64,Lead Mining Officer,2021-10-07,true,4,107
65,Internal Marketing Analyst,2021-10-22,true,4,432
66,Forward Hospitality Supervisor,2021-11-28,true,4,505
67,International Marketing Orchestrator,2021-12-26,true,4,268
68,Legacy Analyst,2021-10-09,true,4,35
69,Global Developer,2021-10-14,true,4,97
70,Dynamic Legal Consultant,2021-11-15,true,4,361
71,International Government Engineer,2021-12-12,false,4,144
72,Marketing Executive,2021-10-24,true,4,256
73,Construction Agent,2021-12-14,true,4,470
74,Future Specialist,2021-11-06,true,4,147
75,Global Mining Coordinator,2021-10-26,true,4,350
76,Design Analyst,2021-11-18,false,4,341
77,Customer Consulting Supervisor,2021-10-09,true,4,17
78,Accounting Developer,2021-10-16,true,4,121
79,Lead Specialist,2021-11-17,false,4,279
80,Farming Coordinator,2021-12-12,false,4,400
81,Retail Developer,2021-12-18,true,4,386
82,Manufacturing Technician,2021-09-27,true,4,486
83,Accounting Manager,2021-11-06,false,4,317
84,Government Consultant,2021-10-03,true,4,142
85,Future Strategist,2021-10-09,true,4,76
86,Design Facilitator,2021-10-28,true,5,336
87,Healthcare Assistant,2021-11-30,false,5,102
88,Manufacturing Manager,2021-10-12,true,5,174
89,Human Retail Supervisor,2021-10-04,true,5,187
90,Technology Producer,2021-12-14,false,5,476
91,Design Orchestrator,2021-11-24,true,5,110
92,Advertising Executive,2021-11-29,false,5,350
93,Mining Assistant,2021-10-05,true,5,141
94,District Producer,2021-12-21,false,5,179
95,Healthcare Planner,2021-12-12,true,5,161
96,Dynamic Banking Engineer,2021-12-20,false,5,48
97,Investor Accounting Assistant,2021-12-10,true,5,435
98,Corporate Farming Director,2021-09-27,true,5,235
99,Central Manufacturing Specialist,2021-10-27,true,5,348
100,Customer Associate,2021-10-15,true,5,342
101,Forward Producer,2021-12-24,true,5,481
